Quế Ngọc Hải,0,Hậu vệ,180,77,5/15/1993,https://vpf.vn/wp-content/uploads/2018/12/BDFC_3_QueNgocHai_VN001612-150x150.jpg
Janclesio Almeida Santos,0,Hậu vệ,190,80,4/22/1993,https://vpf.vn/wp-content/uploads/2018/12/BDFC_4_AlmeidaSantosJanclesio_BR001613-150x150.jpg
Ryan Ha,0,Tiền đạo,184,84,8/24/1997,https://vpf.vn/wp-content/uploads/2018/12/BDFC_7_RyanHa_FR001618-150x150.jpg
Tống Anh Tỷ,0,Tiền vệ,173,73,1/24/1997,https://vpf.vn/wp-content/uploads/2018/12/BDFC_8_TongAnhTy_VN0000160-150x150.jpg
Ibara Doniama Prince Vinny,0,Tiền đạo,190,92,2/7/1996,https://vpf.vn/wp-content/uploads/2018/12/BDFC_9_IbaraDoniamaPrinceVinny_CG001621-150x150.jpg
Hồ Sỹ Giáp,0,Tiền đạo,176,67,4/18/1994,https://vpf.vn/wp-content/uploads/2018/12/10-ho-sy-giap-150x150.jpg
Bùi Vĩ Hào,0,Tiền đạo,175,68,2/24/2003,https://vpf.vn/wp-content/uploads/2018/12/BDFC_11_BuiViHao_VN0001113-150x150.jpg
Trần Duy Khánh,0,Tiền vệ,172,77,7/20/1997,https://vpf.vn/wp-content/uploads/2018/12/BDFC_12_TranDuyKhanh_VN0001114-150x150.jpg
Nguyễn Hải Huy,0,Tiền vệ,175,70,6/18/1991,https://vpf.vn/wp-content/uploads/2018/12/BDFC_14_NguyenHaiHuy_VN001624-150x150.jpg
Nguyễn Trần Việt Cường,0,Tiền vệ,180,68,12/27/2000,https://vpf.vn/wp-content/uploads/2018/12/BDFC_16_NguyenTranVietCuong_VN0001116-150x150.jpg
Võ Minh Trọng,0,Hậu vệ,170,59,10/24/2001,https://vpf.vn/wp-content/uploads/2020/01/PTFC_VN0001018_VoMinhTrong_20-150x150.jpg
Hà Trung Hậu,0,Hậu vệ,178,77,10/3/2002,https://vpf.vn/wp-content/uploads/2018/12/BDFC_18_HaTrungHau_VN001625-150x150.jpg
Nguyễn Thành Lộc,0,Hậu vệ,172,67,2/23/1997,https://vpf.vn/wp-content/uploads/2018/12/BFC_VN0002242_NguyenThanhLoc_4-150x150.jpg
Đoàn Tuấn Cảnh,0,Hậu vệ,176,69,7/27/1998,https://vpf.vn/wp-content/uploads/2018/12/BDFC_20_DoanTuanCanh_VN001626-150x150.jpg
Trần Đình Khương,0,Tiền vệ,179,75,1/10/1996,https://vpf.vn/wp-content/uploads/2018/12/BDFC_21_TranDinhKhuong_VN0001117-150x150.jpg
Nguyễn Tiến Linh,0,Tiền đạo,181,75,10/20/1997,https://vpf.vn/wp-content/uploads/2018/12/BDFC_22_NguyenTienLinh_VN001627-150x150.jpg
Vũ Tuyên Quang,0,Thủ môn,185,72,7/5/1995,https://vpf.vn/wp-content/uploads/2018/12/BDFC_23_VuTuyenQuang_VN001628-150x150.jpg
Trần Hoàng Bảo,0,Tiền vệ,177,65,5/15/2001,https://vpf.vn/wp-content/uploads/2023/03/BDFC_24_TranHoangBao_VN001629-150x150.jpg
Trần Minh Toàn,0,Thủ môn,186,85,1/21/1996,https://vpf.vn/wp-content/uploads/2018/12/BDFC_25_TranMinhToan_VN001630-150x150.jpg
Đoàn Hải Quân,0,Tiền vệ,178,67,2/12/1997,https://vpf.vn/wp-content/uploads/2018/12/z4766389422226_8cab8b5a36d9d6cfd3baa8bbea9a23da-150x150.jpg
Nguyễn Văn Đô,0,Tiền vệ,172,65,7/11/1998,https://vpf.vn/wp-content/uploads/2018/12/BDFC_28_NguyenVanDo_VN001632-150x150.jpg
Võ Hoàng Minh Khoa,0,Tiền vệ,175,70,3/12/2001,https://vpf.vn/wp-content/uploads/2018/12/BDFC_29_VoHoangMinhKhoa_VN0001118-150x150.jpg
Trương Dủ Đạt,0,Hậu vệ,181,82,7/25/1997,https://vpf.vn/wp-content/uploads/2018/12/BDFC_32_TruongDuDat_VN001633-150x150.jpg
Lê Quang Hùng,0,Hậu vệ,165,65,8/16/1992,https://vpf.vn/wp-content/uploads/2023/03/BFC_34_LeQuangHung_VN0002269-150x150.jpg
Trần Trung Hiếu,0,Tiền vệ,180,75,2/2/1993,https://vpf.vn/wp-content/uploads/2018/12/BDFC_39_KizitoGeofrey_VN001635-150x150.jpg
Phan Minh Thành,0,Thủ môn,192,80,11/22/1998,https://vpf.vn/wp-content/uploads/2018/12/BDFC_46_PhanMinhThanh_VN001636-150x150.jpg
Bùi Duy Thường,0,Tiền vệ,176,74,4/5/1996,https://vpf.vn/wp-content/uploads/2018/12/BDFC_88_BuiDuyThuong_VN001638-150x150.jpg
Filip Nguyen,0,Thủ môn,192,88,9/14/1992,https://vpf.vn/wp-content/uploads/2018/12/CAHN_1_FilipNguyen_VN001885-150x150.jpg
Huỳnh Tấn Sinh,0,Hậu vệ,182,80,4/6/1998,https://vpf.vn/wp-content/uploads/2018/12/CAHN_3_HuynhTanSinh_VN001888-150x150.jpg
Hồ Tấn Tài,0,Hậu vệ,180,77,11/6/1997,https://vpf.vn/wp-content/uploads/2018/12/CAHN_4_HoTanTai_VN001890-150x150.jpg
Đoàn Văn Hậu,0,Hậu vệ,185,82,4/19/1999,https://vpf.vn/wp-content/uploads/2018/12/CAHN_5_DoanVanHau_VN001891-150x150.jpg
Trương Văn Thiết,0,Hậu vệ,177,68,6/7/1995,https://vpf.vn/wp-content/uploads/2018/12/CAHN_6_TruongVanThiet_VN0000332-150x150.jpg
Nguyễn Xuân Nam,0,Tiền đạo,181,72,1/18/1994,https://vpf.vn/wp-content/uploads/2018/12/CAHN_7_NguyenXuanNam_VN001895-150x150.jpg
Fialho De Aquino Junior Janio,0,Tiền đạo,0,0,,https://vpf.vn/wp-content/uploads/2018/12/CAHN_8_FialhoDeAquinoJuniorJanio_VN001897-150x150.jpg
Jeferson Elias,0,Tiền đạo,186,78,1/12/1998,https://vpf.vn/wp-content/uploads/2023/01/CAHN_9_Braga-Montimor-Jeferson-Elias-150x150.jpg
Lê Phạm Thành Long,0,Tiền vệ,165,64,6/5/1996,https://vpf.vn/wp-content/uploads/2018/12/CAHN_11_LePhamThanhLong_VN001901-150x150.jpg
Hoàng Văn Toản,0,Tiền vệ,175,70,4/1/2001,https://vpf.vn/wp-content/uploads/2018/12/CAHN_12_HoangVanToan_VN001902-150x150.jpg
Bùi Xuân Thịnh,0,Hậu vệ,169,64,9/15/2001,https://vpf.vn/wp-content/uploads/2021/03/P-NB_29_BuiXuanThinh_VN001519-150x150.jpg
Bùi Tiến Dụng,0,Hậu vệ,176,74,11/23/1998,https://vpf.vn/wp-content/uploads/2018/12/CAHN_16_BuiTienDung_VN001904-150x150.jpg
Vũ Văn Thanh,0,Hậu vệ,172,73,4/14/1996,https://vpf.vn/wp-content/uploads/2018/12/CAHN_17_VuVanThanh_VN001905-150x150.jpg
Hồ Ngọc Thắng,0,Tiền đạo,178,73,2/10/1994,https://vpf.vn/wp-content/uploads/2018/12/CAHN_18_HoNgocThang_VN001906-150x150.jpg
Nguyễn Quang Hải,0,Tiền vệ,166,65,4/12/1997,https://vpf.vn/wp-content/uploads/2018/12/CAHN_19_NguyenQuangHai_VN001907-150x150.jpg
Phạm Văn Luân,0,Tiền vệ,169,63,5/26/1999,https://vpf.vn/wp-content/uploads/2018/12/CAHN_21_PhamVanLuan_VN001908-150x150.jpg
Trần Văn Trung,0,Tiền vệ,168,63,1/27/1998,https://vpf.vn/wp-content/uploads/2018/12/CAHN_22_TranVanTrung_VN001909-150x150.jpg
Bùi Tiến Dũng,0,Thủ môn,180,78,1/28/1997,https://vpf.vn/wp-content/uploads/2018/12/CAHN_24_BuiTienDung_VN001910-150x150.jpg
Hà Văn Phương,0,Tiền vệ,170,69,7/13/2001,https://vpf.vn/wp-content/uploads/2018/12/CAHN_26_HaVanPhuong_VN001911-150x150.jpg
La Nguyễn Bảo Trung,0,Tiền vệ,172,67,10/5/2002,https://vpf.vn/wp-content/uploads/2018/12/CAHN_27_LaNguyenBaoTrung_VN001912-150x150.jpg
Hồ Văn Cường,0,Hậu vệ,167,63,1/15/2003,https://vpf.vn/wp-content/uploads/2018/12/CAHN_30_HoVanCuong_VN001640-150x150.jpg
Đỗ Sỹ Huy,0,Thủ môn,181,80,4/16/1998,https://vpf.vn/wp-content/uploads/2018/12/CAHN_33_DoSyHuy_VN001913-150x150.jpg
Huỳnh Tấn Tài,0,Tiền vệ,168,66,8/17/1994,https://vpf.vn/wp-content/uploads/2018/12/CAHN_39_HuynhTanTai_VN001914-150x150.jpg
Phạm Gia Hưng,0,Tiền đạo,181,74,4/26/2000,https://vpf.vn/wp-content/uploads/2018/12/CAHN_47_PhamGiaHung_VN001915-150x150.jpg
Bùi Hoàng Việt Anh,0,Hậu vệ,184,82,1/1/1999,https://vpf.vn/wp-content/uploads/2018/12/CAHN_68_BuiHoangVietAnh_VN001917-150x150.jpg
Trần Quang Thịnh,0,Hậu vệ,179,73,5/12/2001,https://vpf.vn/wp-content/uploads/2018/12/CAHN_55_TranQuangThinh_VN001916-150x150.jpg
Geovane Magno,0,Tiền đạo,188,78,4/14/1994,https://vpf.vn/wp-content/uploads/2018/12/CAHN_94_GeovaneMagno_VN001919-150x150.jpg
Giáp Tuấn Dương,0,Hậu vệ,176,73,9/7/2002,https://vpf.vn/wp-content/uploads/2018/12/CAHN_98_GiapTuanDuong_VN001920-150x150.jpg
Hoàng Đình Tùng,0,Tiền vệ,168,62,8/24/1988,https://vpf.vn/wp-content/uploads/2018/12/THFC_VN0000626_HoangDinhTung_2-150x150.jpg
Nguyễn Sỹ Nam,0,Hậu vệ,170,66,3/7/1993,https://vpf.vn/wp-content/uploads/2018/12/THFC_VN0002244_NguyenSyNam_6-150x150.jpg
Nguyễn Thanh Long,0,Hậu vệ,180,79,1/10/1993,https://vpf.vn/wp-content/uploads/2020/01/BFC_VN0002244_NguyenThanhLong_7-150x150.jpg
Võ Nguyên Hoàng,0,Tiền đạo,180,78,2/7/2002,https://vpf.vn/wp-content/uploads/2020/07/PHFC_10_VoNguyenHoang_VN0000556-150x150.jpg
Nguyễn Văn Tùng,0,Tiền đạo,168,63,3/7/2002,https://vpf.vn/wp-content/uploads/2021/03/PHFC_20_NguyenVanTung_VN0000967-150x150.jpg
Lê Văn Thắng,0,Tiền vệ,176,68,2/8/1990,https://vpf.vn/wp-content/uploads/2018/12/THFC_VN0000632_LeVanThang_10-150x150.jpg
Rimario Allando Gordon,0,Tiền đạo,180,75,7/6/1994,https://vpf.vn/wp-content/uploads/2018/12/THFC_11_RimarioAllandoGordon_VN001937-150x150.jpg
Nguyễn Thái Sơn,0,Tiền vệ,171,61,7/13/2003,https://vpf.vn/wp-content/uploads/2022/02/THFC_12_NguyenThaiSon_VN001938-150x150.jpg
Trương Thanh Nam,0,Hậu vệ,172,65,4/22/2004,https://vpf.vn/wp-content/uploads/2023/03/THFC_14_TruongThanhNam_VN0002270-150x150.jpg
Trịnh Văn Lợi,0,Hậu vệ,180,71,5/26/1995,https://vpf.vn/wp-content/uploads/2018/12/THFC_VN0000635_TrinhVanLoi_15-150x150.jpg
Đinh Tiến Thành,0,Tiền vệ,183,71,1/24/1991,https://vpf.vn/wp-content/uploads/2018/12/THFC_VN0000624_DinhTienThanh_16-150x150.jpg
Lâm Ti Phông,0,Tiền vệ,168,65,2/1/1996,https://vpf.vn/wp-content/uploads/2018/12/THFC_VN0002251_LamTiPhong_17-150x150.jpg
Đinh Viết Tú,0,Hậu vệ,180,78,8/16/1992,https://vpf.vn/wp-content/uploads/2018/12/NDFC_VN0000653_DinhVietTu_2-1-150x150.jpg
Lê Quốc Phương,0,Tiền vệ,165,61,5/19/1991,https://vpf.vn/wp-content/uploads/2018/12/THFC_VN0002252_LeQuocPhuong_19-150x150.jpg
Nguyễn Trọng Hùng,0,Tiền vệ,172,68,10/3/1997,https://vpf.vn/wp-content/uploads/2019/02/THFC_VN0000639_NguyenTrongHung_20-150x150.jpg
Thái Khắc Huy Hoàng,0,Tiền vệ,170,65,8/4/1999,https://vpf.vn/wp-content/uploads/2018/12/THFC_21_ThaiKhacHuyHoang_VN001641-150x150.jpg
Vũ Hồng Quân,0,Tiền vệ,171,66,3/10/1999,https://vpf.vn/wp-content/uploads/2023/03/HBFC_99_VuHongQuan_VN0002263-150x150.jpg
Phạm Trùm Tỉnh,0,Tiền vệ,168,62,5/2/1995,https://vpf.vn/wp-content/uploads/2018/12/KHFC_VN0000404_PhamTrumTinh_11-150x150.jpg
Nguyễn Thanh Diệp,0,Thủ môn,180,75,9/6/1991,https://vpf.vn/wp-content/uploads/2018/12/THFC_VN0000642_NguyenThanhDiep_25-150x150.jpg
A Mít,0,Tiền vệ,168,67,7/24/1997,https://vpf.vn/wp-content/uploads/2018/12/THFC_VN0000325_AMit_27-150x150.jpg
Hoàng Thái Bình,0,Tiền vệ,173,65,1/22/1998,https://vpf.vn/wp-content/uploads/2019/02/HPFC_VN0000487_HoangThaiBinh_28-150x150.png
Đoàn Ngọc Hà,0,Hậu vệ,182,72,2/22/2004,https://vpf.vn/wp-content/uploads/2022/07/THFC-29-Đoàn-Ngọc-Hà-150x150.jpg
Y Êli Niê,0,Thủ môn,183,79,1/8/2001,https://vpf.vn/wp-content/uploads/2019/04/DLK_VN0001044_YEliNie_1-150x150.jpg
Doãn Ngọc Tân,0,Hậu vệ,169,57,8/15/1994,https://vpf.vn/wp-content/uploads/2018/12/THFC_VN0000646_DoanNgocTan_34-150x150.jpg
Nguyễn Trọng Phú,0,Tiền vệ,173,68,6/30/1999,https://vpf.vn/wp-content/uploads/2019/07/LFC_52_NguyenTrongPhu_VN0002259-145x150.jpg
Trần Đình Bảo,0,Tiền vệ,176,74,6/18/1997,https://vpf.vn/wp-content/uploads/2022/02/26.-TRẦN-ĐÌNH-BẢO-150x150.jpg
Trịnh Xuân Hoàng,0,Thủ môn,184,78,11/6/2000,https://vpf.vn/wp-content/uploads/2019/06/THFC_VN0000641_TrinhXuanHoang_23-150x150.jpg
Luiz Antonio De Souza Soares,0,Tiền vệ,181,80,3/11/1991,https://vpf.vn/wp-content/plugins/joomsport-sports-league-results-management/sportleague/assets/images/player_st.png
Lê Thanh Bình,0,Tiền đạo,176,71,8/8/1995,https://vpf.vn/wp-content/uploads/2018/12/THFC_VN0002261_LeThanhBinh_91-150x150.jpg
Gustavo Sant Ana Santos,0,Tiền vệ,195,91,2/23/1995,https://vpf.vn/wp-content/uploads/2019/07/THFC_BR0001714_GustavoSantAnaSantos_95-150x150.jpg
Bùi Tấn Trường,0,Thủ môn,188,88,2/19/1986,https://vpf.vn/wp-content/uploads/2018/12/HNFC_1_BuiTanTruong_VN001642-150x150.jpg
Đỗ Duy Mạnh,0,Hậu vệ,180,70,9/29/1996,https://vpf.vn/wp-content/uploads/2018/12/HNFC_VN0000703_DODUYMANH_28-150x150.jpg
Wilson Brandon James,0,Tiền vệ,185,80,1/28/1997,https://vpf.vn/wp-content/uploads/2023/06/HNFC_4_wilson_Bradon_Jame-150x150.jpg
Nguyễn Văn Hoàng,0,Thủ môn,182,72,2/17/1995,https://vpf.vn/wp-content/uploads/2018/12/HNFC_5_NguyenVanHoang_VN0001182-150x150.jpg
Phạm Xuân Mạnh,0,Hậu vệ,175,68,2/9/1996,https://vpf.vn/wp-content/uploads/2018/12/HNFC_7_PhamXuanManh_VN001651-150x150.jpg
Đậu Văn Toàn,0,Tiền vệ,170,69,4/7/1997,https://vpf.vn/wp-content/uploads/2018/12/HNFC_8_DauVanToan_VN0000483-150x150.jpg
Phạm Tuấn Hải,0,Tiền đạo,172,68,5/19/1998,https://vpf.vn/wp-content/uploads/2018/12/HNFC_9_PhamTuanHai_VN0000484-150x150.jpg
Nguyễn Văn Quyết,0,Tiền đạo,172,65,7/1/1991,https://vpf.vn/wp-content/uploads/2018/12/HNFC_10_NguyenVanQuyet_VN0000485-150x150.jpg
Nguyễn Hai Long,0,Tiền vệ,168,63,8/27/2000,https://vpf.vn/wp-content/uploads/2018/12/HNFC_14_NguyenHaiLong_VN0000488-150x150.jpg
Nguyễn Đức Anh,0,Hậu vệ,175,68,5/16/2003,https://vpf.vn/wp-content/uploads/2018/12/HNFC_15_NguyenDucAnh_VN0001087-150x150.jpg
Nguyễn Thành Chung,0,Hậu vệ,180,70,9/8/1997,https://vpf.vn/wp-content/uploads/2018/12/HNFC_16_NguyenThanhChung_VN001659-150x150.jpg
Nguyễn Văn Trường,0,Tiền vệ,182,75,10/9/2003,https://vpf.vn/wp-content/uploads/2018/12/HNFC_19_NguyenVanTruong_VN0001086-150x150.jpg
Vũ Đình Hai,0,Tiền vệ,172,68,1/13/2000,https://vpf.vn/wp-content/uploads/2018/12/HNFC_21_VuDinhHai_VN0000710-1-150x150.jpg
Đào Văn Nam,0,Hậu vệ,180,70,5/10/1996,https://vpf.vn/wp-content/uploads/2018/12/HNFC_26_DaoVanNam_VN0000220-150x150.jpg
Vũ Tiến Long,0,Hậu vệ,168,63,4/4/2002,https://vpf.vn/wp-content/uploads/2018/12/HNFC_27_VuTienLong_VN001660-150x150.jpg
Quan Văn Chuẩn,0,Thủ môn,181,71,1/7/2001,https://vpf.vn/wp-content/uploads/2018/12/HNFC_37_QuanVanChuan_VN001661-150x150.jpg
Lê Văn Xuân,0,Hậu vệ,168,69,2/27/1999,https://vpf.vn/wp-content/uploads/2018/12/HNFC_45_LeVanXuan_VN001662-150x150.jpg
Nguyễn Văn Dũng,0,Hậu vệ,180,75,4/14/1994,https://vpf.vn/wp-content/uploads/2018/12/HNFC_66_NguyenVanDung_VN001663-1-150x150.jpg
Trần Văn Thắng,0,Hậu vệ,170,62,6/7/2001,https://vpf.vn/wp-content/uploads/2018/12/HNFC_67_TranVanThang_VN001664-150x150.jpg
Pereira Junior Delnison,0,Tiền đạo,0,0,7/18/1995,https://vpf.vn/wp-content/plugins/joomsport-sports-league-results-management/sportleague/assets/images/player_st.png
Trương Văn Thái Quý,0,Tiền vệ,168,64,8/22/1997,https://vpf.vn/wp-content/uploads/2018/12/HNFC_74_TruongVanThaiQuy_VN0000506-150x150.jpg
Almeida Silva Marcos Antonio,0,Tiền vệ,183,73,1/14/1991,https://vpf.vn/wp-content/uploads/2018/12/HNFC_77_AlmeidaSilvaMarcosAntonio_BR001665-150x150.jpg
Đỗ Hùng Dũng,0,Tiền vệ,170,66,9/8/1993,https://vpf.vn/wp-content/uploads/2018/12/HNFC_88_DoHungDung_VN0000507-150x150.jpg
Nguyễn Văn Tùng,0,Tiền đạo,179,70,6/2/2001,https://vpf.vn/wp-content/uploads/2021/04/HNFC_89_NguyenVanTung_VN001666-150x150.jpg
Tagueu Tadjo Diederrick Joel,0,Tiền đạo,178,70,6/12/1993,https://vpf.vn/wp-content/uploads/2023/10/HNFC_95_TagueuTadjoDiederrickJoel_CM001667-150x150.jpg
Nguyễn Đình Triệu,0,Thủ môn,180,73,11/4/1991,https://vpf.vn/wp-content/uploads/2020/01/HPFC_1_NguyenDinhTrieu_VN0000263-150x150.jpg
Nguyễn Anh Hùng,0,Hậu vệ,169,68,10/29/1992,https://vpf.vn/wp-content/uploads/2020/01/HPFC_2_NguyenAnhHung_VN0001249-150x150.jpg
Phạm Mạnh Hùng,0,Hậu vệ,178,73,3/3/1993,https://vpf.vn/wp-content/uploads/2018/12/HPFC_VN0002258_PhamManhHung_3-150x150.jpg
Benjamin Patrick Van Meurs,0,Hậu vệ,187,80,1/31/1998,https://vpf.vn/wp-content/uploads/2020/01/HPFC_4_BenjaminPatrickVanMeurs_AU001671-150x150.png
Đặng Văn Tới,0,Hậu vệ,178,74,1/12/1999,https://vpf.vn/wp-content/uploads/2020/01/HPFC_5_DangVanToi_VN0000491-150x150.png
Lương Xuân Trường,0,Tiền vệ,178,72,4/28/1995,https://vpf.vn/wp-content/uploads/2018/12/HPFC_VN0002248_LuongXuanTruong_8-150x150.jpg
Mpande Joseph Mbolimbo,0,Tiền đạo,183,80,3/23/1994,https://vpf.vn/wp-content/uploads/2020/01/HPFC_7_MpandeJosephMbolimbo_UG001676-150x150.jpg
Martin Lo,0,Tiền vệ,165,66,9/3/1997,https://vpf.vn/wp-content/uploads/2020/01/HPFC_8_Martinlo_VN0001251-150x150.png
Goncalves Silva Lucas Vinicius,0,Tiền vệ,184,80,9/14/1991,https://vpf.vn/wp-content/uploads/2022/08/HPFC_9_GoncalvesSilvaLucasVinicius_BR001679-150x150.png
Hồ Minh Dĩ,0,Tiền vệ,160,58,2/17/1998,https://vpf.vn/wp-content/uploads/2020/01/HPFC_11_HoMinhdi_VN0000740-150x150.jpg
Nguyễn Văn Đạt,0,Hậu vệ,180,72,5/20/1998,https://vpf.vn/wp-content/uploads/2018/12/HPFC_VN0002241_NguyenVanDat_15-150x150.jpg
Lê Mạnh Dũng,0,Tiền vệ,172,70,2/10/1994,https://vpf.vn/wp-content/uploads/2018/12/HPFC_VN0002242_LeManhDung_19-150x150.jpg
Dương Văn Khoa,0,Hậu vệ,172,64,5/6/1994,https://vpf.vn/wp-content/uploads/2020/01/HPFC_20_DuongVanKhoa_VN0000190-150x150.jpg
Lê Tiến Anh,0,Tiền vệ,165,65,3/23/1998,https://vpf.vn/wp-content/uploads/2020/01/HPFC_21_LeTienAnh_VN0000362-150x150.png
Đàm Tiến Dũng,0,Hậu vệ,180,79,1/10/1996,https://vpf.vn/wp-content/uploads/2020/01/HPFC_23_DamTienDung_VN0000424-150x150.png
Bicou Bissainthe,0,Hậu vệ,188,75,3/15/1999,https://vpf.vn/wp-content/uploads/2020/01/HPFC_25_BicouBissainthe_HT001682-150x150.jpg
Nguyễn Văn Toản,0,Thủ môn,186,80,11/26/1999,https://vpf.vn/wp-content/uploads/2020/01/HPFC_26_NguyenVanToan_VN0000281-150x150.jpg
Nguyễn Nhật Minh,0,Hậu vệ,175,65,7/27/2003,https://vpf.vn/wp-content/plugins/joomsport-sports-league-results-management/sportleague/assets/images/player_st.png
Lương Hoàng Nam,0,Tiền vệ,160,57,3/2/1997,https://vpf.vn/wp-content/uploads/2020/01/HPFC_30_LuongHoangNam_VN0001246-150x150.png
Nguyễn Đình Tùng,0,Thủ môn,182,76,7/31/2003,https://vpf.vn/wp-content/uploads/2023/10/z4790221942391_ba257990a28337d0456a325fcaf47b5b-150x150.png
Phạm Văn Luân,0,Thủ môn,177,73,7/12/1994,https://vpf.vn/wp-content/uploads/2018/12/HPFC_VN0002249_PhamVanLuan_25-150x150.jpg
A Sân,0,Tiền vệ,172,65,7/16/1996,https://vpf.vn/wp-content/uploads/2020/01/HPFC_42_ASan_VN0001121-150x150.png
Nguyễn Thành Đồng,0,Tiền vệ,170,65,2/6/1995,https://vpf.vn/wp-content/uploads/2020/01/HPFC_45_NguyenThanhDong_VN001683-150x150.jpg
Nguyễn Trọng Đại,0,Tiền vệ,184,72,4/7/1997,https://vpf.vn/wp-content/uploads/2020/01/HPFC_68_NguyenTrongDai_VN0001080-150x150.png
Nguyễn Hữu Sơn,0,Tiền vệ,172,65,9/27/1996,https://vpf.vn/wp-content/uploads/2018/12/HPFC_VN0002255_NguyenHuuSon_77-150x150.jpg
Nguyễn Tuấn Anh,0,Tiền vệ,171,61,7/7/1999,https://vpf.vn/wp-content/uploads/2020/01/HPFC_79_NguyenTuanAnh_VN001684-150x150.png
Phạm Hoài Dương,0,Hậu vệ,180,70,6/19/1994,https://vpf.vn/wp-content/uploads/2020/01/HPFC_91_PhamHoaiDuong_VN0000286-150x150.jpg
Triệu Việt Hưng,0,Tiền vệ,171,70,1/19/1997,https://vpf.vn/wp-content/uploads/2020/01/HPFC_97_TrieuVietHung_VN0000287-150x150.jpg
Nguyễn Văn Minh,0,Tiền vệ,169,58,2/8/1999,https://vpf.vn/wp-content/uploads/2019/04/HPFC_VN0000488_NguyenVanMinh_29-150x150.png
Dương Văn Lợi,0,Thủ môn,177,73,12/2/2000,https://vpf.vn/wp-content/uploads/2022/02/1.-DƯƠNG-VĂN-LỢI-150x150.jpg
Lê Văn Sơn,0,Hậu vệ,169,64,12/20/1996,https://vpf.vn/wp-content/uploads/2022/02/2.-LÊ-VĂN-SƠN-150x150.jpg
Nguyễn Hữu Anh Tài,0,Hậu vệ,172,69,2/28/1996,https://vpf.vn/wp-content/uploads/2018/12/HAGL_5_NguyenHuuAnhTai_VN001689-150x150.jpg
Trần Thanh Sơn,0,Tiền vệ,175,71,12/30/1997,https://vpf.vn/wp-content/uploads/2018/12/HAGL_6_TranThanhson_VN001691-150x150.jpg
Châu Ngọc Quang,0,Tiền vệ,170,63,2/1/1996,https://vpf.vn/wp-content/uploads/2018/12/HAGL_8_ChauNgocQuang_VN001695-150x150.jpg
Đinh Thanh Bình,0,Tiền đạo,177,72,3/19/1998,https://vpf.vn/wp-content/uploads/2018/12/HAGL_9_DinhThanhBinh_VN0001155-150x150.jpg
Trần Minh Vương,0,Tiền vệ,167,67,3/28/1995,https://vpf.vn/wp-content/uploads/2018/12/HAGL_10_TranMinhVuong_VN0001154-150x150.jpg
Nguyễn Tuấn Anh,0,Tiền vệ,175,66,5/16/1995,https://vpf.vn/wp-content/uploads/2018/12/HAGL_11_NguyenTuanAnh_VN0000242-150x150.jpg
Nguyễn Thanh Nhân,0,Hậu vệ,168,65,10/25/2000,https://vpf.vn/wp-content/uploads/2020/01/HAGL_15_NguyenThanhNhan_VN0001160-150x150.jpg
Lê Hữu Phước,0,Tiền vệ,174,62,5/7/2001,https://vpf.vn/wp-content/uploads/2021/03/HAGL_18_LeHuuPhuoc_VN0001166-150x150.jpg
Nguyễn Quốc Việt,0,Tiền đạo,173,68,5/4/2003,https://vpf.vn/wp-content/uploads/2022/02/HAGL_19_NguyenQuocViet-150x150.jpg
Trần Bảo Toàn,0,Tiền đạo,169,63,7/14/2000,https://vpf.vn/wp-content/uploads/2019/02/HAGL_20_TranBaoToan_VN0001159-150x150.jpg
Nguyễn Văn Triệu,0,Tiền vệ,188,73,1/17/2003,https://vpf.vn/wp-content/uploads/2022/02/HAGL_21_NguyenVanTrieu_VN0001163-150x150.jpg
Nguyễn Đức Việt,0,Tiền vệ,174,70,1/1/2004,https://vpf.vn/wp-content/uploads/2022/02/HAGL_24_NguyenDucViet_VN001697-150x150.jpg
Trần Trung Kiên,0,Thủ môn,191,82,2/9/2003,https://vpf.vn/wp-content/uploads/2022/02/HAGL_25_TranTrungKien_VN0000782-150x150.jpg
Phan Đình Vũ Hải,0,Thủ môn,183,81,6/6/1994,https://vpf.vn/wp-content/uploads/2018/12/HAGL_27_PhanDinhVuHai_VN001698-150x150.jpg
Nguyễn Kiên Quyết,0,Tiền vệ,166,63,11/14/1996,https://vpf.vn/wp-content/uploads/2018/12/HAGL_28_NguyenKienQuyet_VN0000279-150x150.jpg
Âu Dương Quân,0,Tiền vệ,181,75,4/30/2000,https://vpf.vn/wp-content/uploads/2019/04/HAGL_29_AuDuongQuan_VN0000809-150x150.jpg
Martin Dzilah,0,Tiền đạo,194,84,10/27/1997,https://vpf.vn/wp-content/uploads/2023/10/HAGL_30_MartinDzilah_GH001699-150x150.jpg
Jairo Rodrigues Peixoto Filho,0,Hậu vệ,190,89,,https://vpf.vn/wp-content/uploads/2023/10/HAGL_33_JairoRodriguesPeixotoFilho_BR001700-150x150.jpg
Jesus Silva Jhon Cley,0,Tiền đạo,180,79,9/3/1994,https://vpf.vn/wp-content/uploads/2023/01/HAGL_7_Jesus-Silva-Jhon-Cley-150x150.jpg
Võ Đình Lâm,0,Tiền vệ,169,68,1/10/2000,https://vpf.vn/wp-content/uploads/2020/01/HAGL_60_VoDinhLam_VN0001157-150x150.jpg
Phan Du Học,0,Hậu vệ,175,68,11/1/2001,https://vpf.vn/wp-content/uploads/2019/04/HAGL_62_PhanDuHoc_VN001702-150x150.jpg
A Hoàng,0,Tiền vệ,174,67,7/31/1995,https://vpf.vn/wp-content/uploads/2018/12/HAGL_71_AHoang_VN0001168-150x150.jpg
Dụng Quang Nho,0,Hậu vệ,171,65,1/1/2000,https://vpf.vn/wp-content/uploads/2019/02/HAGL_86_DungQuangNho_VN0001169-150x150.jpg
Nguyễn Thanh Tùng,0,Thủ môn,179,75,6/23/1988,https://vpf.vn/wp-content/uploads/2018/12/thanh-tung-1-HLHT-150x150.jpg
Nguyễn Văn Nhuần,0,Hậu vệ,171,65,9/24/1997,https://vpf.vn/wp-content/uploads/2018/12/HLHT_2_NguyenVanNhuan_VN001705-150x150.jpg
Nguyễn Văn Hạnh,0,Hậu vệ,179,74,4/4/1998,https://vpf.vn/wp-content/plugins/joomsport-sports-league-results-management/sportleague/assets/images/player_st.png
Lâm Anh Quang,0,Hậu vệ,180,72,4/24/1991,https://vpf.vn/wp-content/uploads/2021/01/HLHT_4_LamAnhQuang_VN001708-150x150.jpg
Đặng Văn Trâm,0,Tiền vệ,168,70,1/2/1995,https://vpf.vn/wp-content/uploads/2018/12/HLHT_5_DangVanTram_VN0000383-150x150.jpg
Ngô Xuân Toàn,0,Tiền vệ,168,65,2/10/1993,https://vpf.vn/wp-content/uploads/2018/12/HLHT_6_NgoXuanToan_VN0000212-150x150.jpg
Đinh Thanh Trung,0,Tiền vệ,168,65,1/24/1988,https://vpf.vn/wp-content/uploads/2018/12/HLHT_VN0000418_DinhThanhTrung_7-150x150.jpg
Bruno Edgar Silva Almeida,0,Hậu vệ,190,84,,https://vpf.vn/wp-content/uploads/2018/12/HLHT_8_BrunoEdgarSilvaAlmeida_BR001714-150x150.jpg
Stephen Micheal Gopey,0,Tiền đạo,184,82,1/15/2000,https://vpf.vn/wp-content/uploads/2018/12/HLHT_9_StephenMichealGopey_NG001715-150x150.jpg
Trần Phi Sơn,0,Tiền vệ,168,70,3/14/1992,https://vpf.vn/wp-content/uploads/2018/12/HLHT_VN0000420_TranphiSon_10-150x150.jpg
Trần Đình Tiến,0,Tiền vệ,170,65,11/9/1998,https://vpf.vn/wp-content/uploads/2019/03/SLNA_VN0000600_TranDinhTien_15-150x150.jpg
Nguyễn Vũ Linh,0,Tiền vệ,170,70,3/12/1997,https://vpf.vn/wp-content/uploads/2018/12/HLHT_VN0000745_NguyenVuLinh_12-150x150.jpg
Phạm Văn Long,0,Tiền vệ,170,65,1/9/1997,https://vpf.vn/wp-content/uploads/2018/12/HLHT_VN0000424_PhamVanLong_16-150x150.jpg
Trần Văn Bửu,0,Tiền vệ,168,63,7/17/1998,https://vpf.vn/wp-content/uploads/2019/02/QNFC_88_TranVanBuu_VN0002262-150x150.jpg
Vũ Quang Nam,0,Tiền đạo,180,80,8/22/1992,https://vpf.vn/wp-content/uploads/2018/12/HLHT_VN0001725_VuQuangNam_18-150x150.jpg
Nguyễn Xuân Hùng,0,Hậu vệ,172,73,2/1/1991,https://vpf.vn/wp-content/uploads/2018/12/HLHT_VN0000428_NguyenXuanHung_20-150x150.jpg
Nguyễn Văn Huy,0,Hậu vệ,165,65,7/10/1998,https://vpf.vn/wp-content/uploads/2018/12/HLHT_VN0000429_NguyenVanHuy_21-150x150.jpg
Hồ Sỹ Sâm,0,Tiền vệ,170,67,9/2/1993,https://vpf.vn/wp-content/uploads/2018/12/SLNA_VN0000593_HoSySam_6-150x150.jpg
Dương Quang Tuấn,0,Thủ môn,175,73,6/20/1996,https://vpf.vn/wp-content/uploads/2018/12/HLHT_VN0000432_DuongQuangTua¦n_25-150x150.jpg
Bùi Văn Đức,0,Tiền vệ,174,67,3/15/1997,https://vpf.vn/wp-content/uploads/2018/12/HLHT_VN0002258_BuiVanDuc_26-150x150.jpg
Nguyễn Trung Học,0,Tiền vệ,172,67,3/3/1998,https://vpf.vn/wp-content/uploads/2018/12/HLHT_VN0000435_NguyenTrungHo_c_88-150x150.jpg
Dương Tùng Lâm,0,Thủ môn,179,76,5/22/1999,https://vpf.vn/wp-content/uploads/2018/12/HLHT_VN0000431_DuongTungLam_24-150x150.jpg
Vũ Viết Triều,0,Hậu vệ,180,75,2/23/1997,https://vpf.vn/wp-content/uploads/2018/12/HLHT_VN0000581_VuVietTrieu_30-150x150.jpg
Tạ Việt Sơn,0,Tiền vệ,176,66,2/21/2003,https://vpf.vn/wp-content/uploads/2018/12/HLHT_33_TaVietSon_VN0001011-150x150.jpg
Nguyễn Ngọc Thắng,0,Hậu vệ,175,70,8/2/2002,https://vpf.vn/wp-content/uploads/2021/01/HLHT_VN0002261_NguyenNgo_cTha¦ng_38-150x150.jpg
Dương Văn Kiên,0,Hậu vệ,172,72,3/13/2003,https://vpf.vn/wp-content/uploads/2022/07/HLHT-45-Dương-Văn-Kiên-150x150.jpg
Nguyễn Văn Trường,0,Hậu vệ,174,64,11/16/2003,https://vpf.vn/wp-content/uploads/2018/12/HLHT_68_NguyenVanTruong_VN0000937-150x150.jpg
Đào Tấn Lộc,0,Hậu vệ,181,69,8/15/1998,https://vpf.vn/wp-content/uploads/2018/12/HLHT_VN0002269_DaoTanLoc_86-150x150.jpg
Diallo Abdoulaye,0,Tiền đạo,186,80,1/15/1996,https://vpf.vn/wp-content/uploads/2023/01/HLHT_SN0002263_DialloAbdoulaye_91-150x150.jpg
Đoàn Công Thành,0,Hậu vệ,180,71,3/30/1997,https://vpf.vn/wp-content/uploads/2023/10/KHFC_3_DoanCongThanh_VN001729-150x150.jpg
Sesay Alie,0,Hậu vệ,185,86,8/2/1994,https://vpf.vn/wp-content/uploads/2023/10/KHFC_4_SesayAlie_US001731-150x150.jpg
Nguyễn Thành Nhân,0,Tiền vệ,172,66,4/14/2000,https://vpf.vn/wp-content/uploads/2020/01/KHFC_VN0000874_NguyenThanhNhan_7-1-150x150.jpg
Lê Duy Thanh,0,Tiền vệ,167,67,12/19/1990,https://vpf.vn/wp-content/uploads/2023/10/KHFC_8_LeDuyThanh_VN0001225-150x150.jpg
Guirassy Mamadou,0,Tiền đạo,184,83,10/13/1995,https://vpf.vn/wp-content/uploads/2023/10/KHFC_9_GuirassyMamadou_FR001738-150x150.jpg
Truong Quoc Minh,0,Tiền vệ,174,75,11/7/2000,https://vpf.vn/wp-content/uploads/2023/10/KHFC_11_TruongQuocMinh_DK001741-150x150.jpg
Nguyễn Văn Sang,0,Tiền vệ,168,64,5/6/1997,https://vpf.vn/wp-content/uploads/2023/10/KHFC_12_NguyenVanSang_VN001742-150x150.jpg
Nguyễn Hoài Anh,0,Thủ môn,181,75,3/10/1993,https://vpf.vn/wp-content/uploads/2023/10/KHFC_13_NguyenHoaiAnh_VN0000304-150x150.jpg
Lê Nguyễn Thanh Vị,0,Tiền vệ,170,64,5/6/1999,https://vpf.vn/wp-content/uploads/2023/10/KHFC_14_LeNguyenThanhvi_VN0001227-150x150.jpg
Nguyễn Đình Mạnh,0,Tiền vệ,174,58,4/25/1998,https://vpf.vn/wp-content/uploads/2023/10/KHFC_18_NguyenDinhManh_VN001744-150x150.jpg
Dương Đoàn Công Hậu,0,Tiền đạo,175,63,9/20/2000,https://vpf.vn/wp-content/uploads/2023/10/KHFC_19_DuongDoanCongHau_VN001745-150x150.jpg
Trần Văn Tùng,0,Tiền đạo,170,65,2/10/1996,https://vpf.vn/wp-content/uploads/2023/10/KHFC_20_TranVanTung_VN0001233-150x150.jpg
Trần Mạnh Hùng,0,Tiền vệ,165,60,3/17/1997,https://vpf.vn/wp-content/uploads/2023/10/KHFC_21_TranManhHung_VN001746-150x150.jpg
Leazard Watz Landy,0,Tiền đạo,188,81,6/17/2003,https://vpf.vn/wp-content/uploads/2023/10/KHFC_22_LeazardWatzLandy_HT001747-150x150.jpg
Trần Trọng Hiếu,0,Hậu vệ,175,75,5/15/1996,https://vpf.vn/wp-content/uploads/2023/10/KHFC_23_TranTrongHieu_VN001748-150x150.jpg
Nguyễn Tuấn Mạnh,0,Thủ môn,181,78,7/31/1990,https://vpf.vn/wp-content/uploads/2023/10/KHFC_26_NguyenTuanManh_VN001749-150x150.jpg
Nguyễn Văn Hiệp,0,Tiền vệ,171,64,4/8/1994,https://vpf.vn/wp-content/uploads/2023/10/KHFC_28_NguyenVanHiep_VN001750-150x150.jpg
Bùi Nguyễn Tuấn Kiệt,0,Trung vệ,183,82,3/3/2002,https://vpf.vn/wp-content/uploads/2023/10/KHFC_29_BuiNguyenTanKiet_VN001751-150x150.jpg
Nguyễn Đức Cường,0,Tiền vệ,174,74,1/31/1996,https://vpf.vn/wp-content/uploads/2023/10/KHFC_30_NguyenDucCuong_VN0000513-150x150.jpg
Nguyễn Duy Dương,0,Hậu vệ,170,64,10/10/1995,https://vpf.vn/wp-content/uploads/2023/10/KHFC_35_NguyenDuyDuong_VN0001236-150x150.jpg
Nguyễn Minh Lợi,0,Hậu vệ,174,72,9/13/2002,https://vpf.vn/wp-content/uploads/2023/10/KHFC_37_NguyenMinhLoi_VN001752-150x150.jpg
Hổ ,0,Tiền vệ,163,60,7/2/1998,https://vpf.vn/wp-content/uploads/2023/10/KHFC_47_Ho_VN001753-150x150.jpg
Huỳnh Nhật Tân,0,Tiền vệ,172,66,10/25/1997,https://vpf.vn/wp-content/uploads/2023/10/KHFC_52_HuynhNhatTan_VN0001226-150x150.jpg
Hứa Quốc Thắng,0,Hậu vệ,185,79,4/18/2001,https://vpf.vn/wp-content/uploads/2023/10/KHFC_55_HuaQuocThang_VN001754-150x150.jpg
Đinh Văn Trường,0,Hậu vệ,165,55,10/22/1996,https://vpf.vn/wp-content/uploads/2023/10/KHFC_66_DinhVanTruong_VN001755-150x150.jpg
Đỗ Trường Trân,0,Tiền vệ,165,65,1/27/2002,https://vpf.vn/wp-content/uploads/2023/10/KHFC_77_DoTruongTran_VN001756-150x150.jpg
Trần Đình Kha,0,Tiền đạo,175,75,3/21/1994,https://vpf.vn/wp-content/uploads/2023/10/KHFC_88_TranDinhKha_VN0001230-150x150.jpg
Nguyễn Hữu Khôi,0,Tiền đạo,173,70,4/1/1992,https://vpf.vn/wp-content/uploads/2023/10/KHFC_89_NguyenHuuKhoi_VN0000674-150x150.jpg
Võ Ngọc Cường,0,Thủ môn,172,67,2/22/1994,https://vpf.vn/wp-content/uploads/2023/10/KHFC_93_VoNgocCuong_VN0001234-150x150.jpg
Nguyễn Văn Công,0,Thủ môn,182,82,8/1/1992,https://vpf.vn/wp-content/uploads/2018/12/QNFC_1_NguyenVanCong_VN0000492-150x150.jpg
Trần Ngọc Hiệp,0,Hậu vệ,177,67,2/3/1999,https://vpf.vn/wp-content/uploads/2018/12/QNFC_3_TranNgocHiep_VN001760-150x150.jpg
Nguyễn Tăng Tiến,0,Hậu vệ,181,78,1/31/1994,https://vpf.vn/wp-content/uploads/2018/12/QNFC_4_NguyenTangTien_VN0001092-150x150.jpg
Lamothe Pierre ,0,Hậu vệ,173,65,9/18/1997,https://vpf.vn/wp-content/uploads/2018/12/QNFC_5_Pierre_CA001762-150x150.jpg
Lê Hải Đức,0,Hậu vệ,178,76,2/24/2000,https://vpf.vn/wp-content/uploads/2018/12/QNFC_6_LeHaiDuc_VN001763-150x150.jpg
Nguyễn Đình Bắc,0,Tiền vệ,179,72,8/19/2004,https://vpf.vn/wp-content/uploads/2018/12/QNFC_7_NguyenDinhBac_VN001278-150x150.jpg
Phan Thanh Hậu,0,Tiền vệ,171,60,1/12/1997,https://vpf.vn/wp-content/uploads/2018/12/QNFC_8_PhanThanhHau_VN001766-150x150.jpg
Lê Văn Nam,0,Tiền đạo,171,71,10/30/1999,https://vpf.vn/wp-content/uploads/2018/12/QNFC_9_LeVanNam_VN001769-150x150.jpg
Mạch Ngọc Hà,0,Tiền vệ,170,62,9/10/2000,https://vpf.vn/wp-content/uploads/2018/12/QNFC_10_MachNgocHa_VN001770-150x150.jpg
Nguyễn Văn Trạng,0,Tiền vệ,167,61,6/15/1998,https://vpf.vn/wp-content/uploads/2018/12/QNFC_11_NguyenVanTrang_VN001772-150x150.jpg
Trần Hoàng Hưng,0,Hậu vệ,175,70,9/19/1996,https://vpf.vn/wp-content/uploads/2018/12/QNFC_12_TranHoangHung_VN0000646-150x150.jpg
Yago Goncalves Nogueira Ramos,0,Tiền đạo,190,83,3/4/1996,https://vpf.vn/wp-content/uploads/2018/12/QNFC_14_YagoGoncalvesNogueiraRamos_BR001773-150x150.jpg
Mạc Đức Việt Anh,0,Hậu vệ,176,70,1/16/1997,https://vpf.vn/wp-content/uploads/2018/12/QNFC_16_MacDucVietAnh_VN0000752-1-150x150.jpg
Cao Xuân Thắng,0,Tiền vệ,166,65,2/5/1993,https://vpf.vn/wp-content/uploads/2018/12/QNFC_17_CaoXuanThang_VN001774-150x150.jpg
Võ Văn Toàn,0,Tiền vệ,174,69,4/28/1999,https://vpf.vn/wp-content/uploads/2018/12/QNFC_18_VoVanToan_VN001775-150x150.jpg
Nguyễn Tiến Duy,0,Hậu vệ,180,72,4/29/1991,https://vpf.vn/wp-content/uploads/2018/12/QNFC_20_NguyenTienDuy_VN0000357-150x150.jpg
Nguyễn Văn Ngọc,0,Hậu vệ,176,71,1/5/1999,https://vpf.vn/wp-content/uploads/2018/12/QNFC_23_NguyenVanNgoc_VN0000749-150x150.jpg
Nguyễn Văn Ka,0,Tiền vệ,170,72,7/30/1999,https://vpf.vn/wp-content/uploads/2018/12/QNFC_24_NguyenVanKa_VN001776-150x150.jpg
Lê Xuân Tú,0,Tiền đạo,180,72,9/6/1999,https://vpf.vn/wp-content/uploads/2018/12/QNFC_25_LeXuanTu_VN0000495-150x150.jpg
Tống Đức An,0,Thủ môn,178,75,3/21/1991,https://vpf.vn/wp-content/uploads/2018/12/QNFC_26_TongDucAn_VN001777-150x150.jpg
Phù Trung Phong,0,Tiền vệ,171,66,6/8/1998,https://vpf.vn/wp-content/uploads/2018/12/QNFC_28_PhuTrungPhong_VN001778-150x150.jpg
Ngân Văn Đại,0,Tiền vệ,174,72,2/9/1992,https://vpf.vn/wp-content/uploads/2018/12/QNFC_29_NganVanDai_VN0002256-150x150.jpg
Paulo Conrado Do Carmo Sardin,0,Tiền đạo,190,83,7/18/1991,https://vpf.vn/wp-content/uploads/2018/12/QNFC_30_PauloConrado_BR001943-150x150.jpg
Nguyễn Tiến Mạnh,0,Thủ môn,178,75,1/20/2003,https://vpf.vn/wp-content/uploads/2018/12/QNFC_34_NguyenTienManh_VN001780-150x150.jpg
Nguyễn Vũ Hoàng Dương,0,Hậu vệ,175,68,8/20/1992,https://vpf.vn/wp-content/uploads/2018/12/QNFC_36_NguyenVuHoangDuong_VN0000741-1-150x150.jpg
Võ Ngọc Đức,0,Hậu vệ,170,71,10/10/1994,https://vpf.vn/wp-content/uploads/2018/12/QNFC_37_VoNgocDuc_VN001781-150x150.jpg
Hoàng Vũ Olaleye Samson,0,Tiền đạo,180,75,10/6/1988,https://vpf.vn/wp-content/uploads/2018/12/QNFC_39_HoangVuOlaleyeSamson_VN001782-150x150.jpg
Vũ Văn Sơn,0,Hậu vệ,181,77,10/5/2003,https://vpf.vn/wp-content/uploads/2018/12/QNFC_56_VuVanSon_VN001783-150x150.jpg
Eze Stephen ,0,Hậu vệ,198,102,3/8/1994,https://vpf.vn/wp-content/uploads/2018/12/QNFC_66_Stephen_NG001944-150x150.jpg
Hoàng Thế Tài,0,Tiền vệ,170,61,6/23/1998,https://vpf.vn/wp-content/uploads/2018/12/QNFC_98_HoangTheTai_VN001784-150x150.jpg
Đặng Văn Lâm,0,Thủ môn,188,87,8/13/1993,https://vpf.vn/wp-content/uploads/2018/12/B-FC_1_DangVanLam_VN0001140-150x150.jpg
Marlon Rangel De Almeida,0,Hậu vệ,189,80,5/22/1996,https://vpf.vn/wp-content/uploads/2018/12/B-FC_3_MarlonRangelDeAlmeida_BR001788-150x150.jpg
Phan Ngọc Tín,0,Hậu vệ,176,75,3/9/2004,https://vpf.vn/wp-content/uploads/2018/12/B-FC_4_PhanNgocTin_VN0000377-150x150.jpg
Đỗ Thanh Thịnh,0,Hậu vệ,169,75,8/18/1998,https://vpf.vn/wp-content/uploads/2018/12/B-FC_6_DoThanhThinh_VN001792-150x150.jpg
Le Viktor,0,Tiền vệ,180,70,10/11/2003,https://vpf.vn/wp-content/uploads/2018/12/B-FC_7_Viktorle_RU001794-150x150.jpg
Mạc Hồng Quân,0,Tiền vệ,180,81,1/1/1992,https://vpf.vn/wp-content/uploads/2018/12/B-FC_8_MacHongQuan_VN0000361-150x150.jpg
Hà Đức Chinh,0,Tiền đạo,174,74,9/22/1997,https://vpf.vn/wp-content/uploads/2018/12/B-FC_9_HaDucChinh_VN001796-150x150.jpg
Leonardo Artur De Melo,0,Tiền vệ,177,68,3/23/1995,https://vpf.vn/wp-content/uploads/2018/12/B-FC_10_LeonardoArturDeMelo_BR001798-150x150.jpg
Trần Đình Trọng,0,Hậu vệ,175,70,4/25/1997,https://vpf.vn/wp-content/uploads/2018/12/B-FC_12_TranDinhTrong_VN0000368-150x150.jpg
Đỗ Văn Thuận,0,Tiền vệ,170,71,5/23/1992,https://vpf.vn/wp-content/uploads/2018/12/B-FC_14_DoVanThuan_VN001802-150x150.jpg
Vũ Xuân Cường,0,Hậu vệ,170,65,8/6/1992,https://vpf.vn/wp-content/uploads/2018/12/B-FC_15_VuXuanCuong_VN001803-150x150.jpg
Đinh Thành Luân,0,Tiền vệ,173,65,3/13/2004,https://vpf.vn/wp-content/uploads/2018/12/B-FC_16_DinhThanhLuan_VN0001144-150x150.jpg
Lê Ngọc Bảo,0,Hậu vệ,178,82,3/29/1998,https://vpf.vn/wp-content/uploads/2018/12/B-FC_17_LeNgocBao_VN001804-150x150.jpg
Nguyễn Văn Đức,0,Hậu vệ,168,63,1/13/1996,https://vpf.vn/wp-content/uploads/2018/12/B-FC_18_NguyenVanDuc_VN001805-150x150.jpg
Adriano Schmidt,0,Hậu vệ,185,78,5/9/1994,https://vpf.vn/wp-content/uploads/2018/12/B-FC_19_AdrianoSchmidt_VN0000289-150x150.jpg
Cao Văn Triền,0,Tiền vệ,168,68,6/18/1993,https://vpf.vn/wp-content/uploads/2018/12/B-FC_23_CaoVanTrien_VN001806-150x150.jpg
Nguyễn Mạnh Cường,0,Thủ môn,184,82,9/3/1997,https://vpf.vn/wp-content/uploads/2018/12/B-FC_24_NguyenManhCuong_VN0000370-150x150.jpg
Trần Đình Minh Hoàng,0,Thủ môn,175,73,1/8/1993,https://vpf.vn/wp-content/uploads/2018/12/B-FC_26_TranDinhMinhHoang_VN0000372-150x150.jpg
Nguyễn Đức Hữu,0,Tiền vệ,172,69,5/20/2001,https://vpf.vn/wp-content/uploads/2018/12/B-FC_28_NguyenDucHuu_VN001807-150x150.jpg
Nguyễn Võ Minh Hiếu,0,Tiền vệ,166,64,2/2/2003,https://vpf.vn/wp-content/uploads/2018/12/B-FC_29_NguyenVoMinhHieu_VN0001146-150x150.jpg
Huỳnh Tiến Đạt,0,Tiền đạo,169,68,1/26/2000,https://vpf.vn/wp-content/uploads/2018/12/B-FC_43_HuynhTienDat_VN001808-150x150.jpg
Vũ Minh Tuấn,0,Tiền vệ,174,66,9/19/1990,https://vpf.vn/wp-content/uploads/2018/12/B-FC_66_VuMinhTuan_VN001809-150x150.jpg
Ngô Hồng Phước,0,Tiền đạo,173,64,7/3/1998,https://vpf.vn/wp-content/uploads/2018/12/B-FC_67_NgoHongPhuoc_VN001810-150x150.jpg
Alan Sebastiao Alexandre,0,Tiền đạo,189,82,2/8/1998,https://vpf.vn/wp-content/uploads/2018/12/B-FC_72_AlanSebastiaoAlexandre_BR001811-150x150.jpg
Nghiêm Xuân Tú,0,Tiền vệ,174,67,8/28/1988,https://vpf.vn/wp-content/uploads/2018/12/B-FC_77_NghiemXuanTu_VN0000380-150x150.jpg
Phạm Văn Thành,0,Tiền vệ,174,71,3/16/1994,https://vpf.vn/wp-content/uploads/2018/12/B-FC_88_PhamVanThanh_VN0000381-150x150.jpg
Trịnh Đức Lợi,0,Hậu vệ,179,74,8/22/1994,https://vpf.vn/wp-content/uploads/2018/12/B-FC_94_TrinhDucLoi_VN0000221-150x150.jpg
Phạm Minh Nghĩa,0,Hậu vệ,178,71,9/25/1998,https://vpf.vn/wp-content/uploads/2018/12/B-FC_98_PhamMinhNghia_VN0001078-150x150.jpg
Nguyễn Văn Việt,0,Thủ môn,180,70,7/12/2002,https://vpf.vn/wp-content/uploads/2020/01/SLNA_VN0002253_NguyenVanViet_14-150x150.jpg
Vương Văn Huy,0,Hậu vệ,163,63,8/10/2001,https://vpf.vn/wp-content/uploads/2023/01/SLNA_VN0002244_VuongVanHuy_2-150x150.jpg
Lê Nguyên Hoàng,0,Hậu vệ,177,68,2/14/2005,https://vpf.vn/wp-content/uploads/2022/02/SLNA_3_LeNguyenHoang_VN001815-150x150.jpg
Lê Văn Thành,0,Hậu vệ,177,68,7/24/2001,https://vpf.vn/wp-content/uploads/2021/03/SLNA_VN0002247_LeVanThanh_5-150x150.jpg
Trần Đình Hoàng,0,Hậu vệ,174,68,12/8/1991,https://vpf.vn/wp-content/uploads/2018/12/SLNA_VN0000619_TranDinhHoang_66-150x150.jpg
Olaha Michael Onyedikachi,0,Tiền đạo,180,78,7/4/1997,https://vpf.vn/wp-content/uploads/2018/12/SLNA_NG0000617_OLAHAMICHAELONYEDIKACHI_10-150x150.jpg
Nguyễn Trọng Hoàng,0,Tiền vệ,172,65,4/14/1989,https://vpf.vn/wp-content/uploads/2018/12/SLNA_VN0000612_NguyenTrongHoang_9-150x150.jpg
Đinh Xuân Tiến,0,Tiền vệ,171,65,1/10/2003,https://vpf.vn/wp-content/uploads/2022/02/SLNA_VN0000616_DinhXuanTien_23-150x150.jpg
Trần Mạnh Quỳnh,0,Tiền vệ,170,65,1/18/2001,https://vpf.vn/wp-content/uploads/2021/01/SLNA_VN0000607_TranManhQuynh_26-150x150.jpg
Nguyễn Văn Việt,0,Tiền vệ,173,60,4/6/1999,https://vpf.vn/wp-content/uploads/2022/02/SLNA_14_NguyenVanViet_VN001829-150x150.jpg
Hồ Khắc Lương,0,Hậu vệ,172,68,1/10/2001,https://vpf.vn/wp-content/uploads/2021/03/SLNA_VN0000598_HoKhacLuong_24-150x150.jpg
Nguyễn Quang Vinh,0,Tiền vệ,174,68,1/27/2005,https://vpf.vn/wp-content/uploads/2022/02/SLNA_16_NguyenQuangVinh_VN001830-150x150.jpg
Trần Nam Hải,0,Tiền vệ,182,75,2/5/2004,https://vpf.vn/wp-content/uploads/2022/02/SLNA_17_TranNamHai_VN0000999-150x150.jpg
Hồ Phúc Tịnh,0,Tiền đạo,175,68,8/28/1994,https://vpf.vn/wp-content/uploads/2018/12/SLNA_VN0000595_HoPhucTinh_8-150x150.jpg
Phan Bá Quyền,0,Hậu vệ,175,68,2/17/2002,https://vpf.vn/wp-content/uploads/2022/02/SLNA_19_PhanBaQuyen_VN001831-150x150.jpg
Ngô Văn Lương,0,Tiền đạo,172,65,6/3/2001,https://vpf.vn/wp-content/uploads/2023/01/SLNA_VN0002257_NgoVanLuong_20-150x150.jpg
Phan Xuân Đại,0,Tiền đạo,173,65,1/1/2003,https://vpf.vn/wp-content/uploads/2022/02/SLNA_VN0000611_PhanXuanDai_21-150x150.jpg
Nguyễn Xuân Bình,0,Tiền vệ,171,65,5/24/2001,https://vpf.vn/wp-content/uploads/2021/01/SLNA_VN0000599_NguyenXuanBinh_27-150x150.jpg
Mai Sỹ Hoàng,0,Hậu vệ,171,60,1/1/1999,https://vpf.vn/wp-content/uploads/2020/01/SLNA_VN0000608_MaiSyHoang_79-150x150.jpg
Lê Văn Quý,0,Tiền vệ,168,60,2/18/2004,https://vpf.vn/wp-content/uploads/2022/02/SLNA_24_LeVanQuy_VN001832-150x150.jpg
Trần Văn Tiến,0,Thủ môn,184,70,6/26/1994,https://vpf.vn/wp-content/uploads/2018/12/SLNA_VN0000596_TranVanTien_25-150x150.jpg
Cao Văn Bình,0,Thủ môn,183,80,1/8/2005,https://vpf.vn/wp-content/uploads/2022/02/SLNA_26_CaoVanBinh_VN001834-150x150.jpg
Ngô Văn Bắc,0,Tiền vệ,169,63,3/27/2004,https://vpf.vn/wp-content/uploads/2022/02/SLNA_27_NgoVanBac_VN001835-150x150.jpg
Nguyễn Văn Bách,0,Tiền vệ,172,66,1/2/2003,https://vpf.vn/wp-content/uploads/2022/02/SLNA_VN0000609_NguyenVanBach_29-150x150.jpg
Đặng Quang Tú,0,Tiền vệ,173,69,6/13/2001,https://vpf.vn/wp-content/uploads/2022/02/SLNA_29_DangQuangTu_VN001836-150x150.jpg
Đặng Văn Lắm,0,Tiền vệ,170,63,12/6/1999,https://vpf.vn/wp-content/uploads/2020/02/SLNA_VN0000597_DangVanLam_37-150x150.jpg
Bùi Đình Châu,0,Tiền vệ,168,65,2/6/1996,https://vpf.vn/wp-content/uploads/2019/03/SLNA_VN0000602_BuiDinhChau_4-150x150.jpg
Akwa Raphael Success,0,Tiền vệ,173,68,3/10/1998,https://vpf.vn/wp-content/uploads/2023/01/SLNA_9_Akwa-Raphael-Success-150x150.jpg
Zebic Mario,0,Hậu vệ,187,82,12/17/1995,https://vpf.vn/wp-content/uploads/2022/02/SLNA_95_HrvatskoMarioZebic_HR001837-150x150.jpg
Đinh Xuân Khải,0,Hậu vệ,176,67,6/24/2007,https://vpf.vn/wp-content/uploads/2023/10/NDFC_2_DinhXuanKhai_VN001838-150x150.jpg
Dương Thanh Hào,0,Hậu vệ,175,67,6/23/1991,https://vpf.vn/wp-content/uploads/2023/10/NDFC_3_DuongThanhHao_VN0001083-150x150.jpg
Hoàng Văn Khánh,0,Hậu vệ,181,71,4/5/1995,https://vpf.vn/wp-content/uploads/2018/12/NDFC_VN0002242_HoangVanKhanh_5-150x150.jpg
Phạm Đức Huy,0,Tiền vệ,172,67,1/20/1995,https://vpf.vn/wp-content/uploads/2018/12/NDFC_VN0000694_PhamDucHuy_6-150x150.jpg
Nguyễn Phong Hồng Duy,0,Hậu vệ,169,66,6/13/1996,https://vpf.vn/wp-content/uploads/2018/12/NDFC_VN0002244_NguyenPhongHongDuy_7-150x150.jpg
Nguyễn Đình Sơn,0,Tiền vệ,173,66,5/5/2001,https://vpf.vn/wp-content/uploads/2021/01/NDFC_VN0000657_NguyenDinhSon_19-150x150.jpg
Nguyễn Văn Toàn,0,Tiền đạo,170,58,4/12/1996,https://vpf.vn/wp-content/uploads/2023/10/NDFC_9_NguyenVanToan_VN001846-150x150.jpg
Hendrio Araujo Dasilva,0,Tiền vệ,181,74,5/16/1994,https://vpf.vn/wp-content/uploads/2021/01/NDFC_ES0002246_HendrioAraujoDasilva_10-150x150.jpg
Douglas Coutinho Gomes de Souza,0,Tiền đạo,183,71,8/2/1994,https://vpf.vn/wp-content/plugins/joomsport-sports-league-results-management/sportleague/assets/images/player_st.png
Hồ Khắc Ngọc,0,Tiền vệ,170,60,8/2/1992,https://vpf.vn/wp-content/uploads/2018/12/NDFC_VN0002247_HoKhacNgoc_12-150x150.jpg
Trần Văn Kiên,0,Hậu vệ,170,62,5/13/1996,https://vpf.vn/wp-content/uploads/2023/10/NDFC_13_TranVanKien_VN001855-150x150.jpg
Rafaelson Bezerra Fernandes,0,Tiền đạo,185,90,3/30/1997,https://vpf.vn/wp-content/uploads/2023/10/NDFC_14_RafaelsonBezerraFernandes_BR001856-150x150.jpg
Nguyễn Hữu Tuấn,0,Hậu vệ,178,70,5/6/1992,https://vpf.vn/wp-content/uploads/2020/05/NDFC_VN0002249_NguyenHuuTuan_15-150x150.jpg
Nguyễn Văn Vĩ,0,Hậu vệ,169,60,2/12/1998,https://vpf.vn/wp-content/uploads/2018/12/HNFC_VN0000708_NGUYENVANVI_52-150x150.jpg
Đoàn Thanh Trường,0,Tiền vệ,170,61,11/3/2000,https://vpf.vn/wp-content/uploads/2019/02/NDFC_VN0000663_DoanThanhTruong_18-1-150x150.jpg
Trần Văn Đạt,0,Tiền vệ,175,65,12/26/2000,https://vpf.vn/wp-content/uploads/2023/10/NDFC_19_TranVanDat_VN001857-150x150.jpg
Hoàng Minh Tuấn,0,Tiền đạo,177,67,8/26/1995,https://vpf.vn/wp-content/uploads/2018/12/NDFC_VN0000523_HoangMinhTuan_28-150x150.jpg
Lê Vũ Phong,0,Thủ môn,181,58,10/23/2001,https://vpf.vn/wp-content/uploads/2022/02/NDFC_VN0000669_LeVuPhong_23-150x150.jpg
Trần Nguyên Mạnh,0,Thủ môn,178,70,12/20/1991,https://vpf.vn/wp-content/uploads/2018/12/NDFC_VN0000553_TranNguyenManh_26-150x150.jpg
Trần Ngọc Sơn,0,Tiền đạo,175,60,1/27/2003,https://vpf.vn/wp-content/uploads/2021/04/NDFC_VN0000668_TranNgocSon_27-1-150x150.jpg
Tô Văn Vũ,0,Tiền vệ,175,60,10/20/1993,https://vpf.vn/wp-content/uploads/2023/10/NDFC_28_ToVanvu_VN0000170-150x150.jpg
Trần Đức Dũng,0,Thủ môn,180,76,5/31/1997,https://vpf.vn/wp-content/uploads/2019/02/NDFC_VN0002268_TranDucDung_29-150x150.png
Ngô Đức Huy,0,Hậu vệ,178,63,2/22/2000,https://vpf.vn/wp-content/uploads/2020/01/NDFC_VN0002260_NgoDucHuy_32-150x150.jpg
Trần Văn Công,0,Tiền vệ,176,70,2/15/1999,https://vpf.vn/wp-content/uploads/2023/10/NDFC_37_TranVanCong_VN001859-150x150.jpg
Mai Xuân Quyết,0,Tiền vệ,171,68,4/1/1999,https://vpf.vn/wp-content/uploads/2018/12/NDFC_VN0002248_MaiXuanQuyet_14-150x150.jpg
Trần Liêm Điều,0,Thủ môn,185,74,2/19/2001,https://vpf.vn/wp-content/uploads/2019/02/NDFC_VN0000675_TranLiemDieu_82-1-150x150.jpg
Lý Công Hoàng Anh,0,Tiền vệ,166,70,9/1/1999,https://vpf.vn/wp-content/uploads/2023/10/NDFC_88_LyCongHoangAnh_VN0000373-150x150.jpg
Nguyễn Văn Anh,0,Tiền đạo,175,75,10/20/1996,https://vpf.vn/wp-content/uploads/2023/10/NDFC_91_NguyenVanAnh_VN001860-150x150.jpg
Ngô Tùng Quốc,0,Hậu vệ,172,63,1/27/1998,https://vpf.vn/wp-content/uploads/2018/12/HCMC_2_NgoTungQuoc_VN001949-150x150.jpg
Nguyễn Thanh Thảo,0,Hậu vệ,178,73,5/14/1995,https://vpf.vn/wp-content/uploads/2018/12/HCMC_3_NguyenThanhThao_VN0001108-150x150.jpg
Lê Cao Hoài An,0,Hậu vệ,178,74,9/19/1993,https://vpf.vn/wp-content/uploads/2018/12/HCMC_4_LeCaoHoaiAn_VN001950-150x150.jpg
Nguyễn Minh Tùng,0,Tiền vệ,185,75,8/9/1992,https://vpf.vn/wp-content/uploads/2018/12/HCMC_5_NguyenMinhTung_VN0000423-150x150.jpg
Võ Huy Toàn,0,Tiền vệ,168,65,3/15/1993,https://vpf.vn/wp-content/uploads/2018/12/HCMC_6_VoHuyToan_VN001951-150x150.jpg
Ntep De Madiba Paul Georges,0,Tiền đạo,180,80,7/29/1992,https://vpf.vn/wp-content/uploads/2018/12/HCMC_7_NtepDeMadibaPaulGeorges_FR001955-150x150.jpg
Nguyễn Vũ Tín,0,Hậu vệ,172,66,1/1/1998,https://vpf.vn/wp-content/uploads/2018/12/HCMC_8_NguyenVuTin_VN0001099-150x150.jpg
Hồ Tuấn Tài,0,Tiền đạo,172,68,3/16/1995,https://vpf.vn/wp-content/uploads/2018/12/HCMC_9_HoTuanTai_VN0001096-150x150.jpg
Timite Cheick Aymar,0,Tiền đạo,178,75,,https://vpf.vn/wp-content/uploads/2023/10/Cheick-Aymar-150x150.jpg
Lâm Thuận,0,Tiền vệ,170,70,11/20/1998,https://vpf.vn/wp-content/uploads/2018/12/HCMC_11_LamThuan_VN0000308-150x150.jpg
Lê Trung Vinh,0,Tiền vệ,178,74,1/29/2003,https://vpf.vn/wp-content/uploads/2023/03/Le-Trung-Vinh-150x150.jpg
Uông Ngọc Tiến,0,Tiền vệ,166,63,3/23/2000,https://vpf.vn/wp-content/uploads/2018/12/HCMC_15_UongNgocTien_VN0001104-150x150.jpg
Nguyễn Thanh Khôi,0,Tiền vệ,165,60,11/18/2001,https://vpf.vn/wp-content/uploads/2018/12/HCMC_16_NguyenThanhKhoi_VN001963-150x150.jpg
Nguyễn Minh Trung,0,Tiền vệ,173,68,12/9/1992,https://vpf.vn/wp-content/uploads/2018/12/HCMC_17_NguyenMinhTrung_VN0001098-150x150.jpg
Bùi Ngọc Long,0,Tiền vệ,165,57,10/6/2001,https://vpf.vn/wp-content/uploads/2018/12/HCMC_18_BuiNgocLong_VN001964-150x150.jpg
Chu Văn Kiên,0,Tiền vệ,165,62,5/12/1998,https://vpf.vn/wp-content/uploads/2018/12/HCMC_20_ChuVanKien_VN001965-150x150.jpg
Đào Quốc Gia,0,Tiền vệ,177,70,8/25/1996,https://vpf.vn/wp-content/uploads/2018/12/HCMC_21_DaoQuocGia_VN0001094-150x150.jpg
Võ Hữu Việt Hoàng,0,Hậu vệ,175,71,5/22/2002,https://vpf.vn/wp-content/uploads/2018/12/HCMC_22_VoHuuVietHoang_VN0001101-150x150.jpg
Hoàng Vĩnh Nguyên,0,Tiền vệ,170,60,2/3/2002,https://vpf.vn/wp-content/uploads/2018/12/HCMC_23_HoangVinhNguyen_VN001966-150x150.jpg
Phạm Hữu Nghĩa,0,Thủ môn,181,79,5/12/1992,https://vpf.vn/wp-content/uploads/2018/12/HCMC_25_PhamHuuNghia_VN0000550-150x150.jpg
Trần Hoàng Phúc,0,Hậu vệ,181,77,4/28/2001,https://vpf.vn/wp-content/uploads/2018/12/HCMC_28_TranHoangPhuc_VN0001097-150x150.jpg
Nguyễn Hạ Long,0,Hậu vệ,170,68,3/9/1994,https://vpf.vn/wp-content/uploads/2018/12/HCMC_29_NguyenHaLong_VN001967-150x150.jpg
Đặng Ngọc Tuấn,0,Thủ môn,182,76,5/6/1995,https://vpf.vn/wp-content/uploads/2018/12/HCMC_38_DangNgocTuan_VN0001102-150x150.jpg
Da Silva Estevam Brendon Lucas,0,Hậu vệ,188,80,5/20/1995,https://vpf.vn/wp-content/uploads/2018/12/HCMC_43_DaSilvaEstevamBrendonLucas_BR001968-150x150.jpg
Sầm Ngọc Đức,0,Hậu vệ,170,70,5/18/1992,https://vpf.vn/wp-content/uploads/2018/12/HCMC_77_SamNgocDuc_VN0000189-150x150.jpg
Patrik Le Giang,0,Thủ môn,188,85,8/9/1992,https://vpf.vn/wp-content/uploads/2018/12/HCMC_89_PatrikLeGiang_SK001969-150x150.jpg
Ngô Xuân Sơn,0,Thủ môn,177,75,1/17/1997,https://vpf.vn/wp-content/uploads/2018/12/VTFC_1_NgoXuanSon_VN001862-150x150.jpg
Vũ Văn Quyết,0,Hậu vệ,175,68,5/4/1999,https://vpf.vn/wp-content/uploads/2020/01/VTFC_VN0002268_VuVanQuyet_2-150x150.jpg
Nguyễn Thanh Bình,0,Hậu vệ,183,78,11/2/2000,https://vpf.vn/wp-content/uploads/2019/03/VTFC_VN0000536_NguyenThanhBinh_3-150x150.jpg
Bùi Tiến Dũng,0,Hậu vệ,172,70,10/2/1995,https://vpf.vn/wp-content/uploads/2018/12/VTFC_VN0002241_BuiTienDung_4-150x150.jpg
Nguyễn Xuân Kiên,0,Hậu vệ,170,66,1/4/2000,https://vpf.vn/wp-content/uploads/2019/03/VTFC_VN0000544_NguyenXuanKien_15-150x150.jpg
Nguyễn Công Phương,0,Tiền đạo,170,70,6/3/2006,https://vpf.vn/wp-content/uploads/2018/12/VTFC_6_NguyenCongPhuong_VN001868-150x150.jpg
Abdumuminov Jakhongir,0,Tiền vệ,186,86,2/9/1993,https://vpf.vn/wp-content/uploads/2021/03/VTFC_UZ0000531_AbdumuminovJakhongir_11-150x150.jpg
Nguyễn Hữu Thắng,0,Tiền vệ,168,63,5/19/2000,https://vpf.vn/wp-content/uploads/2019/03/VTFC_VN0000540_NguyenHuuThang_8-150x150.jpg
Trần Ngọc Sơn,0,Tiền vệ,168,66,10/29/1996,https://vpf.vn/wp-content/uploads/2018/12/VTFC_VN0000541_TranNgocSon_9-150x150.jpg
Khuất Văn Khang,0,Tiền vệ,168,63,5/11/2003,https://vpf.vn/wp-content/uploads/2022/03/VTFC_VN0002258_KhuatVanKhang_30-150x150.jpg
Phan Tuấn Tài,0,Hậu vệ,177,75,1/7/2001,https://vpf.vn/wp-content/uploads/2021/03/VTFC_VN0001057_PhanTuanTai_12-1-150x150.jpg
Mohamed Essameldin Abouelella Sabe,0,Tiền đạo,176,74,1/1/1994,https://vpf.vn/wp-content/uploads/2023/06/mohamed-150x150.jpg
Đặng Tuấn Phong,0,Hậu vệ,175,72,7/2/2003,https://vpf.vn/wp-content/uploads/2018/12/VTFC_15_DangTuanPhong_VN001878-150x150.jpg
Nguyễn Huy Hùng,0,Tiền vệ,170,68,3/2/1992,https://vpf.vn/wp-content/uploads/2018/12/VTFC_VN0002249_NguyenHuyHung_16-150x150.jpg
Nguyễn Đức Hoàng Minh,0,Tiền vệ,166,62,2/20/1998,https://vpf.vn/wp-content/uploads/2018/12/VTFC_VN0000546_NguyenDucHoangMinh_17-150x150.jpg
Cao Trần Hoàng Hùng,0,Hậu vệ,178,76,4/4/1999,https://vpf.vn/wp-content/uploads/2019/03/VTFC_VN0000549_CaoTranHoangHung_20-150x150.jpg
Nguyễn Đức Chiến,0,Tiền vệ,180,77,8/24/1998,https://vpf.vn/wp-content/uploads/2018/12/VTFC_VN0000550_NguyenDucChien_21-150x150.jpg
Trần Danh Trung,0,Tiền đạo,176,76,10/3/2000,https://vpf.vn/wp-content/uploads/2019/03/VTFC_VN0000548_TranDanhTrung_19-150x150.jpg
Nhâm Mạnh Dũng,0,Tiền đạo,178,77,4/12/2000,https://vpf.vn/wp-content/uploads/2019/02/VTFC_VN0000558_NhamManhDung_99-150x150.jpg
Quàng Thế Tài,0,Thủ môn,178,76,9/10/1996,https://vpf.vn/wp-content/uploads/2018/12/VTFC_VN0000552_QuangTheTai_25-150x150.jpg
Nguyễn Hoàng Đức,0,Tiền vệ,183,74,1/11/1998,https://vpf.vn/wp-content/uploads/2018/12/VTFC_VN0000554_NguyenHoangDuc_28-150x150.jpg
Phạm Văn Phong,0,Thủ môn,179,75,6/3/1993,https://vpf.vn/wp-content/uploads/2018/12/VTFC_VN0002259_PhamVanPhong_36-150x150.jpg
Bruno Cunha Cantanhede,0,Tiền đạo,184,83,7/22/1993,https://vpf.vn/wp-content/uploads/2018/12/VTFC_37_BrunoCunhaCantanhede_BR001883-150x150.jpg
Dương Văn Hào,0,Tiền đạo,177,76,2/15/1997,https://vpf.vn/wp-content/uploads/2018/12/VTFC_VN0000556_DuongVanHao_33-150x150.jpg
Bùi Quang Khải,0,Tiền vệ,168,63,5/19/1993,https://vpf.vn/wp-content/uploads/2018/12/VTFC_VN0000543_BuiQuangKhai_14-150x150.jpg
Trương Tiến Anh,0,Tiền vệ,168,68,4/25/1999,https://vpf.vn/wp-content/uploads/2018/12/VTFC_VN0000555_TruongTienAnh_29-150x150.jpg
Trần Mạnh Cường,0,Hậu vệ,166,66,1/27/1993,https://vpf.vn/wp-content/uploads/2018/12/VTFC_VN0002263_TranManhCuong_90-150x150.jpg
