Lê Huỳnh Đức,Huấn luyện viên,https://vpf.vn/wp-content/plugins/joomsport-sports-league-results-management/sportleague/assets/images/player_st.png
[Trợ lý HLV] Kim Woo Jae,Trợ lý HLV,https://vpf.vn/wp-content/plugins/joomsport-sports-league-results-management/sportleague/assets/images/player_st.png
HLV Gong Oh Kyun,Huấn luyện viên,https://vpf.vn/wp-content/plugins/joomsport-sports-league-results-management/sportleague/assets/images/player_st.png
[Phó trưởng đoàn] Lê Xuân Hải,Quan chức,https://vpf.vn/wp-content/plugins/joomsport-sports-league-results-management/sportleague/assets/images/player_st.png
Trần Tiến Đại,Quan chức,https://vpf.vn/wp-content/plugins/joomsport-sports-league-results-management/sportleague/assets/images/player_st.png
Nguyễn Thành Dũng,Trợ lý HLV,https://vpf.vn/wp-content/plugins/joomsport-sports-league-results-management/sportleague/assets/images/player_st.png
[Bác sỹ] Vũ Hồng Quảng,Cán bộ,https://vpf.vn/wp-content/plugins/joomsport-sports-league-results-management/sportleague/assets/images/player_st.png
[Phiên dịch] Đỗ Văn Phúc,Cán bộ,https://vpf.vn/wp-content/plugins/joomsport-sports-league-results-management/sportleague/assets/images/player_st.png
[Bác sỹ] Dương Tiến Kỷ,Cán bộ,https://vpf.vn/wp-content/plugins/joomsport-sports-league-results-management/sportleague/assets/images/player_st.png
HLV Trưởng Popov Velizar Emilov,Huấn luyện viên,https://vpf.vn/wp-content/plugins/joomsport-sports-league-results-management/sportleague/assets/images/player_st.png
Chu Đình Nghiêm,Huấn luyện viên,https://vpf.vn/wp-content/uploads/2022/10/HPFC_HLVTruong_ChuDinhNghiem_VN1000633-150x150.jpg
Kiatisuk Sennamuang,Huấn luyện viên,https://vpf.vn/wp-content/uploads/2023/03/HAGL_HLVTruong_KiatisukSennamuang_TH1000571-118x150.jpg
[Trợ lý] Nguyễn Đức Cường,,https://vpf.vn/wp-content/plugins/joomsport-sports-league-results-management/sportleague/assets/images/player_st.png
Nguyễn Thành Công,Huấn luyện viên,https://vpf.vn/wp-content/uploads/2023/03/HLHT_HLVTruong_NguyenThanhCong_VN1000546-150x150.jpg
[HLV Trưởng] Văn Sỹ Sơn,Huấn luyện viên,https://vpf.vn/wp-content/uploads/2021/04/QNFC_HLVTruong_VanSySon_VN1002229-150x150.jpg
[CBPT] Võ Doãn Thục Kha,Thủ môn,https://vpf.vn/wp-content/uploads/2018/12/BDFC_VN0000560_VODOANTHUCKHA_1-150x150.jpg
Bùi Đoàn quang Huy,Huấn luyện viên,https://vpf.vn/wp-content/plugins/joomsport-sports-league-results-management/sportleague/assets/images/player_st.png
Phan Như Thuật,Huấn luyện viên,https://vpf.vn/wp-content/plugins/joomsport-sports-league-results-management/sportleague/assets/images/player_st.png
[Trợ lý HLV] Phạm Anh Tuấn,,https://vpf.vn/wp-content/plugins/joomsport-sports-league-results-management/sportleague/assets/images/player_st.png
Vũ Hồng Việt,Huấn luyện viên,https://vpf.vn/wp-content/uploads/2023/03/NDFC_HLVTruong_VuHongViet_VN1000485-150x150.png
Phùng Thanh Phương,Huấn luyện viên,https://vpf.vn/wp-content/plugins/joomsport-sports-league-results-management/sportleague/assets/images/player_st.png
TL HLV Nguyễn Liêm Thanh,Trợ lý HLV,https://vpf.vn/wp-content/plugins/joomsport-sports-league-results-management/sportleague/assets/images/player_st.png
Trợ lý HLV Lê Quang Trãi,,https://vpf.vn/wp-content/plugins/joomsport-sports-league-results-management/sportleague/assets/images/player_st.png
